,avg_memory_usage,iteration,max_cpu_usage,max_memory_usage,normalized_test,test_time,time_taken
0,504425418.1052632,0,54360358822,593788928,19.22735125463654,8.01473844051361,154.1021912097931
1,503826785.1034483,1,61324573639,593727488,16.59330384401844,7.041259527206421,116.83775877952576
